<OpenNI>
	<Licenses>
	  <License vendor="PrimeSense" key="0KOIk2JeIBYClPWVnMoRKn5cdY4=" />
	</Licenses>
	<Log writeToConsole="true" writeToFile="true">
		<!-- 0 - Verbose, 1 - Info, 2 - Warning, 3 - Error (default) -->
		<LogLevel value="0"/>
		<Masks>
			<Mask name="ALL" on="false"/>
		</Masks>
		<Dumps>
		</Dumps>
	</Log>
	<ProductionNodes>
		<Node type="Depth">
			<Configuration>
				<MapOutputMode xRes="640" yRes="480" FPS="30"/>
				<Mirror on="true"/>
			</Configuration>
		</Node>
		<Node type="Scene" />
	</ProductionNodes>
</OpenNI>
